id;schulname;bezirk;schulart;baumassnahme;beschreibung;gebaute_schulplaetze;schulplaetze_nach_baumassnahme;zuegigkeit_nach_baumassnahme;nutzungsuebergabe;gesamtkosten;strasse;plz;ort;berliner_schulnummer
3;"Grundschule Wolkenstein";Pankow;Grundschule;Erweiterung;"Erweiterung der Schule durch einen Modularen Ergänzungsbau";144;504;3,5-zügig;2013/2014;"k. A.";"Neumannstr. 65";13189;Berlin;03G39
6;"Grundschule am Wasserturm";Pankow;Grundschule;Erweiterung;"Erweiterung der Schule durch einen Modularen Ergänzungsbau";216;432;3-zügig;2014/2015;"rund 3 Mio. Euro";"Tino-Schwierzina-Str. 66";13089;Berlin;03G22
9;Mendel-Grundschule;Pankow;Grundschule;Erweiterung;"Erweiterung der Schule durch einen Modularen Ergänzungsbau";216;504;3,5-zügig;2014/2015;"rund 2,5 Mio. Euro";"Stiftsweg 3";13187;Berlin;03G34
12;"Grundschule Wilhelmsruh";Pankow;Grundschule;Erweiterung;"Erweiterung der Schule durch einen Modularen Ergänzungsbau";216;504;3,5-zügig;2014/2015;"rund 2,5 Mio. Euro";"Lessingstr. 44";13158;Berlin;03G43
15;"Karlshorster Schule";Lichtenberg;Grundschule;Erweiterung;"Erweiterung der Schule durch einen Modularen Ergänzungsbau";432;576;4-zügig;2014/2015;"rund 4 Mio. Euro";"Lisztstr. 6";10318;Berlin;11G13
18;Richard-Wagner-Schule;Lichtenberg;Grundschule;Erweiterung;"Erweiterung der Schule durch einen Modularen Ergänzungsbau";216;504;3,5-zügig;2014/2015;"rund 2,5 Mio. Euro";"Ehrenfelsstr. 36";10318;Berlin;11G14
21;Brodowin-Schule;Lichtenberg;Grundschule;Erweiterung;"Erweiterung der Schule durch einen Modularen Ergänzungsbau";432;648;4,5-zügig;2014/2015;"rund 4 Mio. Euro";"Liebenwalder Str. 22";13055;Berlin;11G17
24;Hausotter-Grundschule;Reinickendorf;Grundschule;Erweiterung;"Erweiterung der Schule durch einen Modularen Ergänzungsbau";216;720;5-zügig;2014/2015;"rund 2,5 Mio. Euro";"Hausotterplatz 4";13409;Berlin;12G06
27;"Schule auf dem lichten Berg (Filiale)";Lichtenberg;Grundschule;Reaktivierung;"Reaktivierung Schulstandort (Sanierung Schulgebäude und Außenanlagen)";216;216;1,5-zügig;2014/2015;"rund 2 Mio. Euro";"Siegfriedstraße 208-210";10365;Berlin;11G05
30;"Grundschule im Rosenthal";Pankow;Grundschule;Erweiterung;"Erweiterung der Schule durch einen Modularen Ergänzungsbau";216;504;3,5-zügig;2015/2016;"rund 3 Mio. Euro";"Kastanienallee 59";13158;Berlin;03G13
33;Klecks-Grundschule;Pankow;Grundschule;Erweiterung;"Erweiterung der Schule durch einen Modularen Ergänzungsbau";216;504;3,5-zügig;2015/2016;"rund 3 Mio. Euro";"Brixener Str. 40";13187;Berlin;03G37
36;Siegerland-Grundschule;Spandau;Grundschule;Erweiterung;"Erweiterung der Schule durch einen Modularen Ergänzungsbau";216;432;3-zügig;2015/2016;"rund 3 Mio. Euro";"Hermann-Schmidt-Weg 4";13589;Berlin;05G06
39;"Schule am Berg";Treptow-Köpenick;Grundschule;Erweiterung;"Erweiterung der Schule durch einen Modularen Ergänzungsbau";216;432;3-zügig;2015/2016;"rund 3 Mio. Euro";"Köpenicker Str. 31";12524;Berlin;09G10
42;"Grundschule am Bürgerpark";Marzahn-Hellersdorf;Grundschule;Erweiterung;"Erweiterung der Schule durch einen Modularen Ergänzungsbau";432;648;4,5-zügig;2015/2016;"rund 4 Mio. Euro";"Jan-Petersen-Str. 18B";12679;Berlin;10G09
45;Pusteblume-Grundschule;Marzahn-Hellersdorf;Grundschule;Erweiterung;"Erweiterung der Schule durch einen Modularen Ergänzungsbau";432;576;4-zügig;2015/2016;"rund 4 Mio. Euro";"Kastanienallee 118";12627;Berlin;10G18
48;Bürgermeister-Ziethen-Schule;Lichtenberg;Grundschule;Erweiterung;"Erweiterung der Schule durch einen Modularen Ergänzungsbau";216;504;3,5-zügig;2015/2016;"rund 3 Mio. Euro";"Massower Str. 39";10315;Berlin;11G09
51;Kolumbus-Grundschule;Reinickendorf;Grundschule;Erweiterung;"Erweiterung der Schule durch einen Modularen Ergänzungsbau";216;504;3,5-zügig;2015/2016;"rund 3 Mio. Euro";"Büchsenweg 23A";13409;Berlin;12G05
54;Rosa-Luxemburg-Gymnasium;Pankow;Gymnasium;Erweiterung;"Erweiterung der Schule durch einen Modularen Ergänzungsbau";348;1060;"3-zügig (Klasse 5/6), 5-zügig (Klasse 7-10), 6-zügig (ab Klasse 11)";2015/2016;"rund 4 Mio. Euro";"Kissingenstr. 12";13189;Berlin;03Y10
57;Hufeland-Schule;Pankow;"Integrierte Sekundarschule";Erweiterung;"Erweiterung der Schule durch einen Modularen Ergänzungsbau";300;600;6-zügig;2015/2016;"rund 3 Mio. Euro";"Walter-Friedrich-Str. 16-18";13125;Berlin;03K10
60;Hagenbeck-Schule;Pankow;"Integrierte Sekundarschule";Erweiterung;"Erweiterung der Schule durch einen Modularen Ergänzungsbau";200;450;4,5-zügig;2015/2016;"rund 3,2 Mio. Euro";"Gustav-Adolf-Str. 60";13086;Berlin;03K08
63;Paul-und-Charlotte-Kniese-Schule;Lichtenberg;Gemeinschaftsschule;Erweiterung;"Erweiterung der Schule durch einen Modularen Ergänzungsbau";216;1029;"3,5-zügig (Klasse 5/6), 3-zügig (Klasse 7-10), 3-zügig (ab Klasse 11)";2016/2017;"rund 3 Mio. Euro";"Erich-Kurz-Str. 6-10";10319;Berlin;11K12
66;Thalia-Grundschule;Friedrichshain-Kreuzberg;Grundschule;Erweiterung;Erweiterung;144;432;3-zügig;2016/2017;"rund 3,4 Mio. Euro";"Alt-Stralau 34";10245;Berlin;02G11
69;Friedrich-Drake-Schule;Steglitz-Zehlendorf;Grundschule;Erweiterung;"Erweiterung der Schule durch einen Modularen Ergänzungsbau";216;288;2-zügig;2016/2017;"rund 3 Mio. Euro";"Drakestraße 80";12205;Berlin;06G33
72;"Gretel-Bergmann Gemeinschaftsschule";Marzahn-Hellersdorf;Grundschule;Erweiterung;"Erweiterung der Schule durch einen Modularen Ergänzungsbau";216;1220;5-zügig;2016/2017;"rund 3 Mio. Euro";"Schleusinger Str. 17";12687;Berlin;10K12
75;Max-von-Laue-Oberschule;Steglitz-Zehlendorf;"Integrierte Sekundarschule";Erweiterung;"Um- und Erweiterungsbau der Max-von-Laue-Oberschule zu einer Sekundarschule";200;400;4-zügig;2016/2017;"k. A.";"Dürerstraße 27";12203;Berlin;06K08
78;Johanna-Eck-Schule;Tempelhof-Schöneberg;"Integrierte Sekundarschule";Erweiterung;Erweiterung;100;500;5-zügig;2016/2017;"rund 51,5 Mio. Euro";"Ringstr. 103-106";12105;Berlin;07K07
81;Emanuel-Lasker-Schule;Friedrichshain-Kreuzberg;Gemeinschaftsschule;Erweiterung;"Erweiterung der Schule durch einen Modularen Ergänzungsbau (Primarstufe)";432;688;"2-zügig (Klasse 1-6), 4-zügig (Klasse 7-10)";2017/2018;"rund 5 Mio. Euro";"Corinthstraße 5";10245;Berlin;02K06
84;"Gemeinschaftsschule auf dem Campus Rütli";Neukölln;Gemeinschaftsschule;Erweiterung;Erweiterungsbauten;72;1082;"3-zügig (Klasse 1-6), 5-zügig (Klasse 7-10), 2-zügig (ab Klasse 11)";2017/2018;"rund 28 Mio. Euro";"Rütlistr. 41";12045;Berlin;08K08
87;"Grünauer Gemeinschaftsschule";Treptow-Köpenick;Gemeinschaftsschule;Erweiterung;"Erweiterung der Schule durch einen Modularen Ergänzungsbau";360;982;"3-zügig (Klasse 1-6), 4-zügig (Klasse 7-10), 2-zügig (ab Klasse 11)";2017/2018;"rund 5 Mio. Euro";"Walchenseestr. 40";12527;Berlin;09K09
90;"Papageno Grundschule";Mitte;Grundschule;Erweiterung;"Erweiterung der Schule durch einen Modularen Ergänzungsbau";216;504;3,5-zügig;2017/2018;"rund 3 Mio. Euro";"Bergstraße 58";10115;Berlin;01G02
93;"Grundschule am Nordhafen";Mitte;Grundschule;Erweiterung;"Erweiterung der Schule durch einen Modularen Ergänzungsbau";288;216;1,5-zügig;2017/2018;"rund 5 Mio. Euro";"Chausseestr. 82 / Boyenstr. 1-9";10115;Berlin;01G48
96;Zille-Grundschule;Friedrichshain-Kreuzberg;Grundschule;Erweiterung;"Erweiterung der Schule durch einen Modularen Ergänzungsbau";216;503;3,5-zügig;2017/2018;"rund 3,5 Mio. Euro";"Boxhagener Str. 46";10245;Berlin;02G09
99;Bernd-Ryke-Grundschule;Spandau;Grundschule;Erweiterung;"Erweiterung der Schule durch einen Modularen Ergänzungsbau";216;504;3,5-zügig;2017/2018;"rund 3 Mio. Euro";"Daumstr. 12";13599;Berlin;05G13
102;Paul-Simmel-Grundschule;Tempelhof-Schöneberg;Grundschule;Erweiterung;"Erweiterung der Schule durch einen Modularen Ergänzungsbau";360;720;5-zügig;2017/2018;"rund 5 Mio. Euro";"Felixstr. 26-58";12099;Berlin;07G19
105;"Schule am Roederplatz";Lichtenberg;Grundschule;Erweiterung;"Erweiterung der Schule durch einen Modularen Ergänzungsbau";216;504;3,5-zügig;2017/2018;"rund 3 Mio. Euro";"Bernhard-Bästlein-Str. 22";10367;Berlin;11G02
108;"Grundschule am Wilhelmsberg";Lichtenberg;Grundschule;Erweiterung;"Erweiterung der Schule durch einen Modularen Ergänzungsbau";360;576;4-zügig;2017/2018;"rund 5 Mio. Euro";"Sandinostr. 8";13055;Berlin;11G18
111;Freiherr-vom-Stein-Gymnasium;Spandau;Gymnasium;Erweiterung;"Erweiterung der Schule durch einen Modularen Ergänzungsbau";498;724;"1-zügig (Klasse 5/6), 4-zügig (inkl. grundständiger Zug ab Klasse 7)";2017/2018;"rund 5 Mio. Euro";"Galenstr. 40-44";13597;Berlin;05Y01
114;Arndt-Gymnasium-Dahlem;Steglitz-Zehlendorf;Gymnasium;Erweiterung;"Erweiterung und Neubau einer Mensa";83;558;"1-zügig (Klasse 5/6), 4-zügig (ab Klasse 7)";2017/2018;"rund 8 Mio. Euro";"Königin-Luise-Straße 80-84";14195;Berlin;06Y03
117;Kurt-Tucholsky-Schule;Pankow;"Integrierte Sekundarschule";Erweiterung;"Erweiterung der Schule durch einen Modularen Ergänzungsbau";360;925;"5,5-zügig (Klasse 7-10), 5-zügig (ab Klasse 11)";2017/2018;"rund 5,5 Mio. Euro";"Neumannstr. 9-11";13189;Berlin;03K02
120;Wolfgang-Borchert-Schule;Spandau;"Integrierte Sekundarschule";Erweiterung;"Erweiterung der Schule durch einen Modularen Ergänzungsbau";200;600;6-zügig;2017/2018;"rund 3 Mio. Euro";"Blumenstraße 13";13585;Berlin;05K06
123;Vincent-van-Gogh-Schule;Lichtenberg;"Integrierte Sekundarschule";Erweiterung;"Erweiterung der Schule durch einen Modularen Ergänzungsbau";300;500;5-zügig;2017/2018;"rund 5,5 Mio. Euro";"Wustrower Str. 26";13051;Berlin;11K07
126;Gerda-Lagerlöf-Grundschule;Lichtenberg;Grundschule;Neubau;"Erweiterung der Schule durch einen Modularen Ergänzungsbau";216;144;1-zügig;2017/2018;"rund 3 Mio. Euro";"Rüdigerstr. 76";10365;Berlin;11G33
129;Heinrich-von-Stephan-Gemeinschaftsschule;Mitte;Gemeinschaftsschule;Erweiterung;"Erweiterung der Schule durch einen Modularen Ergänzungsbau";200;766;"1,5-zügig (Klasse 1-6), 4-zügig (Klasse 7-10), 2-zügig (ab Klasse 11)";2018/2019;"rund 3,5 Mio. Euro";"Neues Ufer 6";10553;Berlin;01K04
132;Tesla-Schule;Pankow;Gemeinschaftsschule;Erweiterung;"Erweiterung der Schule durch einen Modularen Ergänzungsbau";300;732;"3-zügig (Klasse 1-6), 3-zügig (Klasse 7-10)";2018/2019;"rund 29,5 Mio. Euro";"Rudi-Arndt-Str. 18";10407;Berlin;03K07
135;Pettenkofer-Grundschule;Friedrichshain-Kreuzberg;Grundschule;Erweiterung;"Grundsanierung des Direktorenhauses";72;576;4-zügig;2018/2019;"rund 1,5 Mio. Euro";"Pettenkoferstr. 20-24";10247;Berlin;02G04
138;"37. Schule";Friedrichshain-Kreuzberg;Grundschule;Erweiterung;"Erweiterung der Schule durch einen Modularen Ergänzungsbau";288;216;1,5-zügig;2018/2019;"rund 5,5 Mio. Euro";"Pufendorfstr. 10";10249;Berlin;02G37
141;Paul-Lincke-Grundschule;Pankow;Grundschule;Erweiterung;"Erweiterung der Schule durch einen Modularen Ergänzungsbau";216;576;4-zügig;2018/2019;"rund 3 Mio. Euro";"Pieskower Weg 39";10409;Berlin;03G12
144;Elizabeth-Shaw-Grundschule;Pankow;Grundschule;Erweiterung;"Erweiterung der Schule durch einen Modularen Ergänzungsbau";216;504;3,5-zügig;2018/2019;"rund 4 Mio. Euro";"Grunowstr. 17";13187;Berlin;03G27
147;"Grundschule Wilhelmsruh";Pankow;Grundschule;Erweiterung;"Grundinstandsetzung Schulgebäude";72;576;4-zügig;2018/2019;"rund 5,5 Mio. Euro";"Lessingstr. 44";13158;Berlin;03G43
150;"Schule an der Strauchwiese";Pankow;Grundschule;Erweiterung;"Erweiterung der Schule durch einen Modularen Ergänzungsbau";216;288;2-zügig;2018/2019;"rund 3,5 Mio. Euro";"Mendelstr. 54";13187;Berlin;03G47
153;Alt-Schmargendorf-Grundschule;Charlottenburg-Wilmersdorf;Grundschule;Erweiterung;"Schulerweiterung und Sanierung des Campus Schmargendorf";72;432;3-zügig;2018/2019;"rund 4 Mio. Euro";"Reichenhaller Str. 8";14199;Berlin;04G23
156;"Schule an der alten Feuerwache";Treptow-Köpenick;Grundschule;Erweiterung;"Erweiterung der Schule durch einen Modularen Ergänzungsbau";216;504;3,5-zügig;2018/2019;"rund 3,5 Mio. Euro";"Schnellerstr. 31";12439;Berlin;09G07
159;"Schule am Buntzelberg";Treptow-Köpenick;Grundschule;Erweiterung;"Erweiterung der Schule durch einen Modularen Ergänzungsbau";288;576;4-zügig;2018/2019;"rund 5 Mio. Euro";"Schulzendorfer Str. 112";12526;Berlin;09G14
162;Kiefholz-Grundschule;Treptow-Köpenick;Grundschule;Erweiterung;"Ausbau Dachgeschoss";72;360;2,5-zügig;2018/2019;"rund 2 Mio. Euro";"Kiefholzstr. 45";12435;Berlin;09G30
165;"Grundschule an der Wuhle";Marzahn-Hellersdorf;Grundschule;Erweiterung;"Erweiterung der Schule durch einen Modularen Ergänzungsbau";216;576;4-zügig;2018/2019;"rund 3,5 Mio. Euro";"Teterower Ring 79";12619;Berlin;10G29
168;Fichtenberg-Oberschule;Steglitz-Zehlendorf;Gymnasium;Erweiterung;"Erweiterung der Schule durch einen Modularen Ergänzungsbau";174;664;4-zügig;2018/2019;"rund 3 Mio. Euro";"Rothenburgstraße 18";12165;Berlin;06Y09
171;Konrad-Duden-Schule;Pankow;"Integrierte Sekundarschule";Erweiterung;"Erweiterung der Schule durch einen Modularen Ergänzungsbau";300;550;5,5-zügig;2018/2019;"rund 5 Mio. Euro";"Rolandstr. 35";13156;Berlin;03K03
174;Albrecht-Haushofer-Schule;Reinickendorf;"Integrierte Sekundarschule";Erweiterung;"Umbau zum Sekundarschulstandort (Ausbau der Mensa, Sanierung Gebäude und Sporthalle)";250;550;5,5-zügig;2018/2019;"rund 16 Mio. Euro";"Kurzebracker Weg 40-46";13503;Berlin;12K11
177;Merian-Schule;Treptow-Köpenick;"Integrierte Sekundarschule";Erweiterung;"Neubau Mehrzweckraum-Mensa/Cafeteria";50;850;"5,5-zügig (Klasse 7-10), 4-zügig (ab Klasse 11)";2018/2019;"rund 3 Mio. Euro";"Hoernlestr. 80";12555;Berlin;09K01
180;"Grundschule am Fuchsberg (Habichtshorst)";Marzahn-Hellersdorf;Grundschule;Neubau;"Neubau einer Grundschule mit Sporthalle";432;432;3-zügig;2018/2019;"rund 17.5 Mio. Euro";"Apfelwicklerstr. 4-6";12683;Berlin;10G16
183;"Grundschule in der Plantagenstraße";Steglitz-Zehlendorf;Grundschule;Reaktivierung;"Reaktivierung durch Teilsanierung";288;288;2-zügig;2018/2019;"rund 350.000 Euro";"Plantagenstr. 8-11";12169;Berlin;06G34
186;"Grüner Campus Malchow";Lichtenberg;Gemeinschaftsschule;Erweiterung;"Erweiterung der Schule durch einen Modularen Ergänzungsbau";200;951;"4-zügig (Klasse 5/6), 6-zügig (Klasse 7-10), 3-zügig (ab Klasse 11)";2019/2020;"rund 4 Mio. Euro";"Malchower Chaussee 2";13051;Berlin;11K10
189;Elisabeth-Christinen-Grundschule;Pankow;Grundschule;Erweiterung;"Sanierung Schulgebäude";72;432;3-zügig;2019/2020;"rund 20 Mio. Euro";"Lindenberger Straße 12";13156;Berlin;03G36
192;"48. Schule";Pankow;Grundschule;Erweiterung;"Erweiterung der Schule durch einen Modularen Ergänzungsbau, ab Schuljahr 2023/2024 Nutzung durch Tesla-Schule";288;144;1-zügig;2019/2020;"rund 6 Mio. Euro";"Conrad-Blenkle-Str. 20";10407;Berlin;03G48
195;"Grundschule auf dem Tempelhofer Feld";Tempelhof-Schöneberg;Grundschule;Erweiterung;"Erweiterung der Schule durch einen Modulbau ""Das fliegende Klassenzimmer"" (DFK 1.0)";144;576;4-zügig;2019/2020;"rund 2 Mio. Euro";"Schulenburgring 7-11";12101;Berlin;07G21
198;"Schule am Park";Reinickendorf;"Schule mit sonderpädagogischem Förderschwerpunkt";Erweiterung;"Erweiterung der Schule durch einen Modularen Ergänzungsbau Geistige Entwicklung";104;k.A.;"Schulplätze richten sich nach Förderstufen der Schüler/innen";2019/2020;"rund 6 Mio. Euro";"Eichborndamm 276-284";13437;Berlin;12S04
201;Paul-Klee-Grundschule;Tempelhof-Schöneberg;Grundschule;Erweiterung;"Erweiterung der Schule durch einen Modulbau ""Das fliegende Klassenzimmer"" (DFK 1.0)";144;720;5-zügig;2019/2020;"rund 2 Mio. Euro";"Konradinstr. 15-17";12105;Berlin;07G22
204;Sophie-Brahe-Gemeinschaftsschule;Treptow-Köpenick;Gemeinschaftsschule;Erweiterung;"Erweiterung der Schule durch einen Modularen Ergänzungsbau";200;1332;"3-zügig (Klasse 1-6), 6-zügig (Klasse 7-10), 4-zügig (ab Klasse 11)";2020/2021;"rund 3,5 Mio. Euro";"Am Plänterwald 17-23";12435;Berlin;09K07
207;Paul-und-Charlotte-Kniese-Schule;Lichtenberg;Gemeinschaftsschule;Erweiterung;"Erweiterung der Schule durch einen Modularen Ergänzungsbau, Nutzung auch durch Schmetterlings-Grundschule und Grundschule am Tierpark";300;1229;"3,5-zügig (Klasse 5/6), 5-zügig (Klasse 7-10), 3-zügig (ab Klasse 11)";2020/2021;"rund 6 Mio. Euro";"Dolgenseestr. 60";10319;Berlin;11K12
210;Möwensee-Grundschule;Mitte;Grundschule;Erweiterung;"Erweiterung der Schule durch einen Modularen Ergänzungsbau";216;576;4-zügig;2020/2021;"rund 9 Mio. Euro";"Afrikanische Str. 123-125";13351;Berlin;01G40
213;"49. Schule";Pankow;Grundschule;Erweiterung;"Erweiterung der Schule durch einen Modularen Ergänzungsbau";288;144;1-zügig;2020/2021;"rund 6 Mio. Euro";"Rennbahnstr. 46";13086;Berlin;03G49
216;"Peter-Härtling-Grundschule (ehem. Charlie-Rivel-Grundschule)";Spandau;Grundschule;Erweiterung;"Erweiterung der Schule durch einen Modularen Ergänzungsbau";216;576;4-zügig;2020/2021;"rund 3,5 Mio. Euro";"Flankenschanze 20";13585;Berlin;05G27
219;"Grundschule an der Pulvermühle";Spandau;Grundschule;Erweiterung;"Erweiterung der Schule durch einen Modularen Ergänzungsbau";288;504;3,5-zügig;2020/2021;"rund 6 Mio. Euro";"Grützmacherweg 7";13599;Berlin;05G28
222;Sonnen-Schule;Neukölln;Grundschule;Erweiterung;"Erweiterung der Schule durch einen Modularen Ergänzungsbau";288;648;4,5-zügig;2020/2021;"rund 5 Mio. Euro";"Dammweg 228";12057;Berlin;08G20
225;"Schule am Heidekampgraben";Treptow-Köpenick;Grundschule;Erweiterung;"Erweiterung der Schule durch einen Modularen Ergänzungsbau";432;720;5-zügig;2020/2021;"rund 6 Mio. Euro";"Hänselstr. 14";12437;Berlin;09G03
228;Franz-Carl-Achard-Grundschule;Marzahn-Hellersdorf;Grundschule;Erweiterung;"Erweiterung der Schule durch einen Modularen Ergänzungsbau";216;432;3-zügig;2020/2021;"rund 4 Mio. Euro";"Adolfstr. 25";12621;Berlin;10G31
231;"Schule auf dem lichten Berg";Lichtenberg;Grundschule;Erweiterung;"Erweiterung der Schule durch einen Modularen Ergänzungsbau";288;792;5,5-zügig;2020/2021;"rund 6 Mio. Euro";"Atzpodienstr. 19";10365;Berlin;11G05
234;"Schule im Ostseekarree";Lichtenberg;Grundschule;Erweiterung;"Erweiterung der Schule durch einen Modularen Ergänzungsbau";216;504;3,5-zügig;2020/2021;"rund 3,5 Mio. Euro";"Barther Str. 27";13051;Berlin;11G10
237;"Schule an der Victoriastadt";Lichtenberg;Grundschule;Erweiterung;"Erweiterung der Schule durch einen Modularen Ergänzungsbau";288;720;5-zügig;2020/2021;"rund 6 Mio. Euro";"Nöldnerstr. 44";10317;Berlin;11G16
240;"Märkische Grundschule";Reinickendorf;Grundschule;Erweiterung;Erweiterung;216;576;4-zügig;2020/2021;"rund 3 Mio. Euro";"Dannenwalder Weg 163-165";13439;Berlin;12G26
243;Otto-Nagel-Gymnasium;Marzahn-Hellersdorf;Gymnasium;Erweiterung;"Erweiterung der Schule durch einen Modularen Ergänzungsbau";249;784;"2-zügig (Klasse 5/6), 4-zügig (ab Klasse 7)";2020/2021;"rund 4 Mio. Euro";"Schulstr. 11";12683;Berlin;10Y02
246;Paul-Schmidt-Schule;Lichtenberg;"Integrierte Sekundarschule";Erweiterung;"Erweiterung der Schule durch einen Modularen Ergänzungsbau";300;550;5,5-zügig;2020/2021;"rund 5 Mio. Euro";"Malchower Weg 54";13053;Berlin;11K11
249;Helene-Haeusler-Schule;Pankow;"Schule mit sonderpädagogischem Förderschwerpunkt";Erweiterung;"Erweiterung der Schule durch einen Modularen Ergänzungsbau Geistige Entwicklung";104;;"Schulplätze richten sich nach Förderstufen der Schüler/innen";2020/2021;"rund 6 Mio. Euro";"Mendelssohnstr. 10";10405;Berlin;03S03
252;"Schule am Rosenhain";Marzahn-Hellersdorf;"Schule mit sonderpädagogischem Förderschwerpunkt";Erweiterung;"Erweiterung der Schule durch einen Modularen Ergänzungsbau Geistige Entwicklung";104;;"Schulplätze richten sich nach Förderstufen der Schüler/innen";2020/2021;"rund 6 Mio. Euro";"Klingenthaler Str. 32";12627;Berlin;10S07
255;Nils-Holgersson-Schule;Lichtenberg;"Schule mit sonderpädagogischem Förderschwerpunkt";Erweiterung;"Erweiterung der Schule durch einen Modularen Ergänzungsbau Geistige Entwicklung";104;254;"Schulplätze richten sich nach Förderstufen der Schüler/innen";2020/2021;"rund 6 Mio. Euro";"Otto-Marquardt-Str. 14";10369;Berlin;11S12
258;Orankesee-Schule;Lichtenberg;Grundschule;Neubau;"Neubau einer Grundschule mit Sporthalle";432;576;4-zügig;2020/2021;"rund 26,5 Mio. Euro";"Konrad-Wolf-Str. 11";10355;Berlin;11G34
261;"Grundschule am Tränkegraben";Lichtenberg;Grundschule;Neubau;"Neubau einer Grundschule mit Sporthalle";432;432;3-zügig;2020/2021;"rund 28 Mio. Euro";"Sewanstr. 41";10319;Berlin;11G35
264;"13. Schule";Marzahn-Hellersdorf;"Integrierte Sekundarschule";Neubau;"Neubau einer Integrierten Sekundarschule mit Sporthalle";550;550;"4-zügig (Klasse 7-10), 2-zügig (ab Klasse 11)";2020/2021;"rund 35 Mio. Euro";"An der Schule 41-59";12623;Berlin;10K13
267;"31. Schule";Treptow-Köpenick;Grundschule;Reaktivierung;"Baumaßnahmen zur Wiederinbetriebnahme des Schulstandortes";288;288;2-zügig;2020/2021;"rund 3 Mio. Euro";"Keplerstr. 10";12459;Berlin;09G31
270;Sophie-Brahe-Gemeinschaftsschule;Treptow-Köpenick;Gemeinschaftsschule;Sanierung;"Sanierung des Schulgebäudes (Filiale)";216;1332;"3-zügig (Klasse 1-6), 6-zügig (Klasse 7-10), 4-zügig (ab Klasse 11)";2020/2021;"rund 6 Mio. Euro";"Am Plänterwald 17-23";12435;Berlin;09K07
273;"Gemeinschaftsschule Campus Efeuweg";Neukölln;Gemeinschaftsschule;Erweiterung;"Erweiterungsbau und Neubau einer Bibliothek";144;832;"3-zügig (Klasse 1-6), 4-zügig (Klasse 7-10)";2021/2022;"rund  6 Mio. Euro";"Efeuweg 34";12357;Berlin;08K13
276;Hausburg-Grundschule;Friedrichshain-Kreuzberg;Grundschule;Erweiterung;"Erweiterung der Schule durch einen Holzmodulbau";144;720;5-zügig;2021/2022;"rund 5,4 Mio. Euro";"Hausburgstr. 20";10249;Berlin;02G02
279;Jeanne-Barez-Schule;Pankow;Grundschule;Erweiterung;"Erweiterung durch einen Schulneubau und Neubau einer Sporthalle";216;792;5,5-zügig;2021/2022;"rund 25,5 Mio. Euro";"Hauptstr. 66";13127;Berlin;03G33
282;"Grundschule am Windmühlenberg";Spandau;Grundschule;Erweiterung;Erweiterung;72;288;2-zügig;2021/2022;"rund 2 Mio. Euro";"Am Kinderdorf 23";14089;Berlin;05G24
285;Birken-Grundschule;Spandau;Grundschule;Erweiterung;"Erweiterung der Schule durch einen Modularen Ergänzungsbau aus Holz";360;504;3,5-zügig;2021/2022;"rund 8 Mio. Euro";"Hügelschanze 8";13585;Berlin;05G30
288;"Giesensdorfer Grundschule";Steglitz-Zehlendorf;Grundschule;Erweiterung;Erweiterung;72;432;3-zügig;2021/2022;"rund 4,5 Mio. Euro";"Ostpreußendamm 63";12207;Berlin;06G22
291;Bernhard-Grzimek-Schule;Lichtenberg;Grundschule;Erweiterung;"Erweiterung der Schule durch einen Modularen Ergänzungsbau aus Holz";360;576;4-zügig;2021/2022;"rund 8,5 Mio. Euro";"Sewanstr. 184";10319;Berlin;11G11
294;Havelmüller-Grundschule;Reinickendorf;Grundschule;Erweiterung;Erweiterungsbau;144;432;3-zügig;2021/2022;"rund 5,5 Mio. Euro";"Namslaustr. 49-57";13507;Berlin;12G01
297;Charlotte-Pfeffer-Schule;Mitte;"Schule mit sonderpädagogischem Förderschwerpunkt";Erweiterung;"Umbau und Erweiterung";64;;"Schulplätze richten sich nach Förderstufen der Schüler/innen";2021/2022;"rund 33 Mio. Euro";"Berolinastraße 8";10178;Berlin;01S07
300;Hermann-Gmeiner-Schule;Lichtenberg;Grundschule;Reaktivierung;"Grundinstandsetzung Haus 2";360;720;5-zügig;2021/2022;"rund 6 Mio. Euro";"Harnackstr. 17";10365;Berlin;11G07
303;Phönix-Grundschule;Lichtenberg;Grundschule;Reaktivierung;"Reaktivierung Grundschulstandort: Sanierung Schulgebäude, Sporthalle und Außenanlagen";360;360;2,5-zügig;2021/2022;"rund 13,5 Mio. Euro";"Wartiner Str. 6";13057;Berlin;11G36
306;Emanuel-Lasker-Schule;Friedrichshain-Kreuzberg;Gemeinschaftsschule;Erweiterung;Verbindungsbau;144;944;"3-zügig (Klasse 1-6), 4-zügig (Klasse 7-10), 1,5-zügig (ab Klasse 11)";2022/2023;"rund 10 Mio. Euro";"Corinthstraße 5";10245;Berlin;02K06
309;Nürtingen-Grundschule;Friedrichshain-Kreuzberg;Grundschule;Erweiterung;"Sanierung Rotes Haus";72;648;4,5-zügig;2022/2023;"rund 11 Mio. Euro, einschließlich Kosten für Refik-Veseli-Schule";"Wrangelstr. 136";10997;Berlin;02G18
312;Alt-Lankwitzer-Grundschule;Steglitz-Zehlendorf;Grundschule;Erweiterung;"Erweiterung der Schule durch einen Modularen Ergänzungsbau aus Holz";360;504;3,5-zügig;2022/2023;"rund 9 Mio. Euro";"Schulstr. 17-21";12247;Berlin;06G20
315;"Grundschule am Königsgraben";Steglitz-Zehlendorf;Grundschule;Erweiterung;"Erweiterung der Schule durch einen Modularen Ergänzungsbau aus Holz";360;504;3,5-zügig;2022/2023;"rund 8,5 Mio. Euro";"Gallwitzallee 136/144";12249;Berlin;06G27
318;"Grundschule an der Bäke";Steglitz-Zehlendorf;Grundschule;Erweiterung;"Erweiterung der Schule durch einen Modularen Ergänzungsbau aus Holz";360;576;4-zügig;2022/2023;"rund 8,5 Mio. Euro";"Haydnstraße 15";12203;Berlin;06G31
321;Sternberg-Grundschule;Tempelhof-Schöneberg;Grundschule;Erweiterung;"Erweiterung der Schule durch einen Modularen Ergänzungsbau aus Holz";360;288;2-zügig;2022/2023;"rund 8,5 Mio. Euro";"Mettestr. 8";10825;Berlin;07G06
324;Müggelsee-Schule;Treptow-Köpenick;Grundschule;Erweiterung;"Erweiterung der Schule durch einen Modularen Ergänzungsbau aus Holz";360;504;3,5-zügig;2022/2023;"rund 10 Mio. Euro";"Aßmannstr. 63";12587;Berlin;09G24
327;Lew-Tolstoi-Schule;Lichtenberg;Grundschule;Erweiterung;"Erweiterung eines Grundschulgebäudes, Neubau einer Sporthalle und Sanierung der Außenanlagen";216;576;4-zügig;2022/2023;"rund 17 Mio. Euro";"Römerweg 120";10318;Berlin;11G12
330;Till-Eulenspiegel-Grundschule;Reinickendorf;Grundschule;Erweiterung;"Erweiterung der Schule durch einen Modularen Ergänzungsbau aus Holz";360;648;4,5-zügig;2022/2023;"rund 8,5 Mio. Euro";"Humboldtstr. 8-13";13407;Berlin;12G04
333;Alfred-Brehm-Grundschule;Reinickendorf;Grundschule;Erweiterung;Erweiterung;72;432;3-zügig;2022/2023;"rund 3 Mio. Euro";"Ascheberger Weg 8A";13507;Berlin;12G14
336;"Grundschule am Vierrutenberg";Reinickendorf;Grundschule;Erweiterung;"Erweiterung der Schule durch einen Modularen Ergänzungsbau aus Holz";360;504;3,5-zügig;2022/2023;"rund 8,5 Mio. Euro";"Am Vierrutenberg 59/65";13469;Berlin;12G20
339;Refik-Veseli-Schule;Friedrichshain-Kreuzberg;"Integrierte Sekundarschule";Erweiterung;"Sanierung Rotes Haus (für Verbund SEK II)";150;550;4-zügig;2022/2023;"in den Gesamtkosten für Nürtingen-Grundschule enthalten";"Wrangelstr. 136";10997;Berlin;02K08
342;Wolfgang-Borchert-Schule;Spandau;"Integrierte Sekundarschule";Erweiterung;Erweiterungsbau;150;750;"6-zügig (Klasse 7-10), 2-zügig (ab Klasse 11)";2022/2023;"rund 25 Mio. Euro";"Blumenstraße 13";13585;Berlin;05K06
345;Georg-von-Giesche-Schule;Tempelhof-Schöneberg;"Integrierte Sekundarschule";Erweiterung;"Sanierung, Umbau und Erweiterung";50;500;5-zügig;2022/2023;"rund 16 Mio. Euro";"Hohenstaufenstr. 47-48";10779;Berlin;07K06
348;"Schule am Mummelsoll";Marzahn-Hellersdorf;"Schule mit sonderpädagogischem Förderschwerpunkt";Erweiterung;"Erweiterung der Schule durch einen Modularen Ergänzungsbau Geistige Entwicklung";104;;"Schulplätze richten sich nach Förderstufen der Schüler/innen";2022/2023;"rund 7 Mio. Euro";"Eilenburger Str. 4";12627;Berlin;10S08
351;"Grundschule am Nordhafen";Mitte;Grundschule;Neubau;"Neubau einer Grundschule mit Sporthalle";360;576;4-zügig;2022/2023;"rund 29,5 Mio. Euro";"Chausseestr. 82 / Boyenstr. 1-9";10115;Berlin;01G48
354;"37. Schule";Friedrichshain-Kreuzberg;Grundschule;Neubau;"Neubau einer Grundschule mit Sporthalle";216;432;3-zügig;2022/2023;"rund 26 Mio. Euro";"Pufendorfstr. 10";10249;Berlin;02G37
357;Heinrich-Böll-Oberschule;Spandau;"Integrierte Sekundarschule";Neubau;Ersatzneubau;900;900;"6-zügig (Klasse 7-10), 4-zügig (ab Klasse 11)";2022/2023;"rund 44 Mio. Euro";"Am Forstacker 9-9a";13587;Berlin;05K04
360;"14. Schule";Lichtenberg;"Integrierte Sekundarschule";Neubau;"Neubau einer Grundschule mit Sporthalle";725;725;"5-zügig (Klasse 7-10), 3-zügig (ab Klasse 11)";2022/2023;"rund 45 Mio. Euro";"Wartiner Str. 1-3";13057;Berlin;11K14
363;"38. Schule";Lichtenberg;Grundschule;Reaktivierung;"Sanierung Schulgebäude, Sporthalle und Außenanlagen";360;360;2,5-zügig;2022/2023;"rund 17 Mio. Euro";"Paul-Junius-Str. 69";10369;Berlin;11G38
366;"Grüner Campus Malchow";Lichtenberg;Gemeinschaftsschule;Erweiterung;"Erweiterung der Schule durch einen Modularen Ergänzungsbau";250;1051;"4-zügig (Klasse 5/6), 7-zügig (Klasse 7-10), 3-zügig (ab Klasse 11)";2023/2024;"rund 13 Mio. Euro";"Malchower Chaussee 2";13051;Berlin;11K10
369;Carl-Orff-Grundschule;Charlottenburg-Wilmersdorf;Grundschule;Erweiterung;"Erweiterung der Schule durch einen Modularen Ergänzungsbau aus Holz";360;648;4,5-zügig;2023/2024;"rund 10 Mio. Euro";"Berkaer Str. 9";14199;Berlin;04G24
372;Christoph-Ruden-Schule;Neukölln;Grundschule;Erweiterung;"Erweiterung der Schule durch einen Modularen Ergänzungsbau aus Holz";360;504;3,5-zügig;2023/2024;"rund 10 Mio. Euro";"An den Achterhöfen 13-17";12349;Berlin;08G26
375;"Grundschule am Schleipfuhl";Marzahn-Hellersdorf;Grundschule;Erweiterung;"Erweiterung der Schule durch einen Modularen Ergänzungsbau aus Holz";360;720;5-zügig;2023/2024;"rund 8,5 Mio. Euro";"Nossener Str. 85";12627;Berlin;10G25
378;Hoffmann-von-Fallersleben-Grundschule;Reinickendorf;Grundschule;Erweiterung;"Erweiterung der Schule durch einen Modularen Ergänzungsbau aus Holz";360;720;5-zügig;2023/2024;"rund 10 Mio. Euro";"Ziekowstr. 80-88";13509;Berlin;12G15
381;Felix-Mendelssohn-Bartholdy-Gymnasium;Pankow;Gymnasium;Erweiterung;"Denkmalgerechte Instandsetzung des Schulstandorts Pasteurstraße, Neubau einer Sporthalle";498;1162;7-zügig;2023/2024;"rund 40 Mio. Euro";"Pasteurstr. 7";10407;Berlin;03Y13
384;Barnim-Gymnasium;Lichtenberg;Gymnasium;Erweiterung;"Erweiterung der Schule durch einen Modularen Ergänzungsbau";498;1116;"2-zügig (Klasse 5/6), 6-zügig (ab Klasse 7)";2023/2024;"rund 13 Mio. Euro";"Ahrensfelder Chaussee 41";13057;Berlin;11Y09
387;Theodor-Haubach-Schule;Tempelhof-Schöneberg;"Integrierte Sekundarschule";Erweiterung;"Erweiterung der Schule durch einen Modularen Ergänzungsbau aus Holz";350;550;5,5-zügig;2023/2024;"rund 10 Mio. Euro";"Grimmstr. 9-11";12305;Berlin;07K04
390;Ernst-Haeckel-Schule;Marzahn-Hellersdorf;"Integrierte Sekundarschule";Erweiterung;"Erweiterung der Schule durch einen Modularen Ergänzungsbau aus Holz";325;825;"6-zügig (Klasse 7-10), 3-zügig (ab Klasse 11)";2023/2024;"rund 10 Mio. Euro";"Luckenwalder Str. 53";12629;Berlin;10K02
393;"Schule am Stadtrand";Spandau;"Schule mit sonderpädagogischem Förderschwerpunkt";Erweiterung;"Erweiterung der Schule durch einen Modularen Ergänzungsbau Geistige Entwicklung";104;k.A.;"Schulplätze richten sich nach Förderstufen der Schüler/innen";2023/2024;"rund 7 Mio. Euro";"Pionierstr. 197";13589;Berlin;05S04
396;Biesalski-Schule;Steglitz-Zehlendorf;"Schule mit sonderpädagogischem Förderschwerpunkt";Erweiterung;"Erweiterung der Schule durch einen Modularen Ergänzungsbau Geistige Entwicklung";104;k.A.;"Schulplätze richten sich nach Förderstufen der Schüler/innen";2023/2024;"rund 7 Mio. Euro";"Hüttenweg 40";14195;Berlin;06S02
399;"48. Schule";Pankow;Grundschule;Neubau;"Neubau einer Grundschule mit Sporthalle";432;432;3-zügig;2023/2024;"rund 37 Mio. Euro";"Conrad-Blenkle-Str. 20";10407;Berlin;03G48
402;"50. Schule";Pankow;Grundschule;Neubau;"Neubau einer Grundschule mit Sporthalle";576;576;4-zügig;2023/2024;"rund 35,5 Mio. Euro";"Karower Chaussee 97";13125;Berlin;03G50
405;"31. Schule";Spandau;Grundschule;Neubau;"Neubau einer Grundschule (Schwerpunkt Geistige Entwicklung) mit Sporthalle";576;576;4-zügig;2023/2024;"rund 41 Mio. Euro";"Goltzstr. 25";13587;Berlin;05G31
408;"39. Schule";Lichtenberg;Grundschule;Neubau;"Neubau einer Grundschule mit Sporthalle";432;432;3-zügig;2023/2024;"rund 32 Mio. Euro";"Schleizer Str. 67";13055;Berlin;11G39
411;Panke-Schule;Pankow;"Schule mit sonderpädagogischem Förderschwerpunkt";Neubau;Ersatzneubau;60;;"Schulplätze richten sich nach Förderstufen der Schüler/innen";2023/2024;"rund 42.5 Mio. Euro";"Klaustaler Str. 21";13187;Berlin;03S08
414;"12. Schule";Treptow-Köpenick;Gymnasium;Reaktivierung;"Schulgründung in bestehende Einrichtung";0;498;3-zügig;2023/2024;"rund 2 Mio. Euro";"Kiefholzstr. 274";12437;Berlin;09Y12
417;"13. Schule";Lichtenberg;"Integrierte Sekundarschule";Reaktivierung;"Reaktivierung Sekundarschulstandort: Sanierung Schulgebäude, Sporthalle und Außenanlagen";600;600;"6-zügig (Klasse 7-10)";2023/2024;"rund 28 Mio. Euro";"Storkower Str. 209B";10369;Berlin;11K13
420;"Bücherwurm-Schule am Weiher";Marzahn-Hellersdorf;Grundschule;Sanierung;Sanierung;72;648;4,5-zügig;2023/2024;"rund 6.5 Mio. Euro";"Eilenburger Str. 1";12627;Berlin;10G19
423;Johann-Peter-Hebel-Grundschule;Charlottenburg-Wilmersdorf;Grundschule;Erweiterung;Erweiterung;144;720;5-zügig;2024/2025;"rund 3,5 Mio. Euro";"Emser Str. 50";10719;Berlin;04G17
426;Alt-Schmargendorf-Grundschule;Charlottenburg-Wilmersdorf;Grundschule;Erweiterung;"Erweiterung der Schule durch einen Modularen Ergänzungsbau aus Holz";360;648;4,5-zügig;2024/2025;"rund 10 Mio. Euro";"Reichenhaller Str. 8";14199;Berlin;04G23
429;Astrid-Lindgren-Grundschule;Spandau;Grundschule;Erweiterung;"Erweiterung der Schule durch einen Modularen Ergänzungsbau aus Holz";360;432;3-zügig;2024/2025;"rund 10 Mio. Euro";"Südekumzeile 5";13591;Berlin;05G17
432;Schliemann-Grundschule;Neukölln;Grundschule;Erweiterung;"Erweiterung der Schule durch einen Modularen Ergänzungsbau";360;720;5-zügig;2024/2025;"rund 10 Mio. Euro";"Groß-Ziethener Chaussee 81";12355;Berlin;08G11
435;Oskar-Heinroth-Schule;Neukölln;Grundschule;Erweiterung;"Erweiterung der Schule durch einen Modularen Ergänzungsbau";360;648;4,5-zügig;2024/2025;"rund 10 Mio. Euro";"Rohrdommelweg 1";12359;Berlin;08G27
438;Bouché-Schule;Treptow-Köpenick;Grundschule;Erweiterung;"Erweiterung der Schule durch einen Modularen Ergänzungsbau";360;720;5-zügig;2024/2025;"rund 10 Mio. Euro";"Bouchestr. 5";12435;Berlin;09G01
441;"Schule in der Köllnischen Vorstadt";Treptow-Köpenick;Grundschule;Erweiterung;"Erweiterung der Schule durch einen Modularen Ergänzungsbau";432;576;4-zügig;2024/2025;"rund 13 Mio. Euro";"Rudower Str. 201";12557;Berlin;09G18
444;"Müggelheimer Schule";Treptow-Köpenick;Grundschule;Erweiterung;"Erweiterung der Schule durch einen Modularen Ergänzungsbau";216;432;3-zügig;2024/2025;"rund 8 Mio. Euro";"Odernheimer Str. 28";12559;Berlin;09G20
447;Wilhelm-Busch-Grundschule;Marzahn-Hellersdorf;Grundschule;Erweiterung;"Erweiterung der Schule durch einen Modularen Ergänzungsbau Geistige Entwicklung";104;648;4,5-zügig;2024/2025;"rund 7 Mio. Euro";"Parsteiner Ring 24-46";12679;Berlin;10G08
450;"Grundschule an der Mühle";Marzahn-Hellersdorf;Grundschule;Erweiterung;"Erweiterung der Schule durch einen Modularen Ergänzungsbau";360;576;4-zügig;2024/2025;"rund 10 Mio. Euro";"Kienbergstr. 59";12685;Berlin;10G11
453;"Grundschule unter dem Regenbogen";Marzahn-Hellersdorf;Grundschule;Erweiterung;"Erweiterung der Schule durch einen Modularen Ergänzungsbau";360;1008;7-zügig;2024/2025;"rund 13 Mio. Euro";"Murtzaner Ring 35-37";12681;Berlin;10G14
456;Beatrix-Potter-Grundschule;Marzahn-Hellersdorf;Grundschule;Erweiterung;"Erweiterung der Schule durch einen Modularen Ergänzungsbau";216;648;4,5-zügig;2024/2025;"rund 8 Mio. Euro";"Ludwigsfelder Str. 7";12629;Berlin;10G17
459;Obersee-Schule;Lichtenberg;Grundschule;Erweiterung;"Erweiterung der Schule durch einen Modularen Ergänzungsbau";360;576;4-zügig;2024/2025;"rund 10 Mio. Euro";"Roedernstr. 69-72";13053;Berlin;11G19
462;Albert-Einstein-Gymnasium;Neukölln;Gymnasium;Erweiterung;"Erweiterung der Schule durch einen Modularen Ergänzungsbau";630;996;6-zügig;2024/2025;"rund 10 Mio. Euro";"Parchimer Allee 109";12359;Berlin;08Y03
465;Albert-Einstein-Gymnasium;Neukölln;Gymnasium;Erweiterung;"Erweiterung der Schule durch einen Modularen Ergänzungsbau mit Fachräumen";;996;6-zügig;2024/2025;"rund 10 Mio. Euro";"Parchimer Allee 109";12359;Berlin;08Y03
468;Tagore-Gymnasium;Marzahn-Hellersdorf;Gymnasium;Erweiterung;"Erweiterung der Schule durch einen Modularen Ergänzungsbau";498;1162;7-zügig;2024/2025;"rund 13 Mio. Euro";"Sella-Hasse-Str. 25";12687;Berlin;10Y01
471;Max-Beckmann-Schule;Reinickendorf;"Integrierte Sekundarschule";Erweiterung;"Erweiterung der Schule durch einen Modularen Ergänzungsbau";350;1238;"6,5-zügig (Klasse 7-10), 5,5-zügig (ab Klasse 11)";2024/2025;"rund 10 Mio. Euro";"Auguste-Viktoria-Allee 37";13403;Berlin;12K03
474;Johann-Julius-Hecker-Schule;Marzahn-Hellersdorf;"Integrierte Sekundarschule";Erweiterung;"Erweiterung der Schule durch einen Modularen Ergänzungsbau";200;550;5,5-zügig;2024/2025;"rund 8 Mio. Euro";"Hohenwalder Str. 2";12689;Berlin;10K08
477;Charlotte-Pfeffer-Schule;Mitte;"Schule mit sonderpädagogischem Förderschwerpunkt";Erweiterung;"Erweiterung der Schule durch einen Modularen Ergänzungsbau Geistige Entwicklung";104;;"Schulplätze richten sich nach Förderstufen der Schüler/innen";2024/2025;"rund 7 Mio. Euro";"Berolinastraße 8";10178;Berlin;01S07
480;Marianne-Buggenhagen-Schule;Pankow;"Schule mit sonderpädagogischem Förderschwerpunkt";Erweiterung;"Sanierung und Umbau 2. Gebäude zur Erweiterung Förderzentrum ""Körperliche Entwicklung"", Außenanlagen";48;;"Schulplätze richten sich nach Förderstufen der Schüler/innen";2024/2025;"rund 19 Mio. Euro";"Ernst-Busch-Str. 29";13125;Berlin;03S10
483;"Schule am Gartenfeld";Spandau;"Schule mit sonderpädagogischem Förderschwerpunkt";Erweiterung;"Erweiterung der Schule durch einen Modularen Ergänzungsbau Geistige Entwicklung";104;k.A.;"Schulplätze richten sich nach Förderstufen der Schüler/innen";2024/2025;"rund 7 Mio. Euro";"Seeckstraße 2";13581;Berlin;05S03
486;Bergmannkiez-Gemeinschaftsschule;Friedrichshain-Kreuzberg;Gemeinschaftsschule;Neubau;"Ersatzneubau einer Grundschule mit Sporthalle (ehem. Lenau-Grundschule)";576;1088;"4-zügig (Klasse 1-6), 4-zügig (Klasse 7-10), 1,5-zügig (ab Klasse 11)";2024/2025;"rund 50 Mio. Euro";"Nostitzstr. 60";10961;Berlin;02K04
489;"Grundschule Adalbertstraße";Mitte;Grundschule;Neubau;"Neubau einer Grundschule mit Sporthalle";576;576;4-zügig;2024/2025;"rund 46,5 Mio. Euro";"Adalbertstr. 53";10179;Berlin;01Gn01
492;"Grundschule Reinickendorfer Straße";Mitte;Grundschule;Neubau;"Neubau einer Grundschule mit Sporthalle";576;576;4-zügig;2024/2025;"rund 41 Mio. Euro";"Reinickendorfer Str. 60/61";13347;Berlin;01Gn08
495;"49. Schule";Pankow;Grundschule;Neubau;"Neubau einer Grundschule mit Sporthalle";576;720;5-zügig;2024/2025;"rund 44,5 Mio. Euro";"Rennbahnstr. 46";13086;Berlin;03G49
498;"36. Schule";Marzahn-Hellersdorf;Grundschule;Neubau;"Neubau einer Grundschule mit Sporthalle";576;576;4-zügig;2024/2025;"rund 36 Mio. Euro";"Louis-Lewin-Str. 40";12627;Berlin;10G36
501;Seepark-Grundschule;Lichtenberg;Grundschule;Neubau;"Neubau einer Grundschule mit Sporthalle";432;432;3-zügig;2024/2025;"rund 33 Mio. Euro";"Blockdammweg 60-64 / Ehrlichstr. 79";10318;Berlin;11G37
504;Clay-Schule;Neukölln;Gymnasium;Neubau;Ersatzneubau;1025;1025;"8-zügig (Klasse 7-10), 3-zügig (ab Klasse 11)";2024/2025;"rund 68 Mio. Euro";"Bildhauerweg 9";12355;Berlin;08K05
507;Leonardo-da-Vinci-Gymnasium;Neukölln;Gymnasium;Neubau;Ersatzneubau;830;830;5-zügig;2024/2025;"rund 45.5 Mio. Euro";"Haewererweg 35";12349;Berlin;08Y05
510;"Gymnasium Allee der Kosmonauten";Lichtenberg;Gymnasium;Neubau;"Neubau Gymnasium";664;664;4-zügig;2024/2025;"rund 70 Mio. Euro";"Allee der Kosmonauten 20-22";10315;Berlin;11Yn01
513;Gustav-Heinemann-Oberschule;Tempelhof-Schöneberg;"Integrierte Sekundarschule";Neubau;Ersatzneubau;1110;1110;"1-zügig (Klasse 5/6), 6-zügig (Klasse 7-10), 6-zügig (ab Klasse 11)";2024/2025;"rund 46,5 Mio. Euro";"Waldsassener Str. 62";12279;Berlin;07K03
516;"Integrierte Sekundarschule Allee der Kosmonauten";Lichtenberg;"Integrierte Sekundarschule";Neubau;"Neubau einer Integrierten Sekundarschule mit Sporthalle";900;900;"6-zügig (Klasse 7-10), 4-zügig (ab Klasse 11)";2024/2025;"rund 96 Mio. Euro";"Allee der Kosmonauten 20-22";10315;Berlin;11Kn01
519;Luise-Henriette-Gymnasium;Tempelhof-Schöneberg;Gymnasium;Sanierung;"Sanierung, Umbau und Erweiterung";166;664;4-zügig;2024/2025;"rund 21 Mio. Euro";"Germaniastr. 4-6";12099;Berlin;07Y05
522;"Friedenauer Gemeinschaftsschule";Tempelhof-Schöneberg;Gemeinschaftsschule;Erweiterung;"Erweiterung der Schule durch einen Modulbau ""Das fliegende Klassenzimmer"" (DFK 2.0)";244;1126;"4-zügig (Klasse 1 bis 6), 4-zügig (Klasse 7 bis 10), 2-zügig (ab Klasse 11)";2025/2026;"rund 8 Mio. Euro";"Rubensstr. 63";12157;Berlin;07K12
525;Gustav-Falke-Grundschule;Mitte;Grundschule;Erweiterung;"Erweiterung der Schule durch einen Modularen Ergänzungsbau";360;648;4,5-zügig;2025/2026;"rund 13 Mio. Euro";"Strelitzer Str. 42";13355;Berlin;01G38
528;"Grundschule am Weißen See";Pankow;Grundschule;Erweiterung;"Grundinstandsetzung und Ausbau";144;576;4-zügig;2025/2026;"rund 27 Mio. Euro";"Falkenberger Str. 31";13088;Berlin;03G17
531;Hasengrund-Schule;Pankow;Grundschule;Erweiterung;"Sanierung/Ausbau Dachgeschoss einschl. Aufzug, Flucht- und Rettungswege, Erneuerung Haustechnik, Außenanlagen";72;432;3-zügig;2025/2026;"rund 18 Mio. Euro";"Hermann-Hesse-Str. 48-52";13156;Berlin;03G28
534;Trelleborg-Schule;Pankow;Grundschule;Erweiterung;"Erweiterung der Schule durch einen Modularen Ergänzungsbau";216;720;5-zügig;2025/2026;"rund 8 Mio. Euro";"Eschengraben 40";13189;Berlin;03G41
537;Mierendorff-Grundschule;Charlottenburg-Wilmersdorf;Grundschule;Erweiterung;Erweiterung;144;648;4,5-zügig;2025/2026;"rund 3,5 Mio. Euro";"Mierendorffstr. 20-24";10589;Berlin;04G08
540;Helmuth-James-von-Moltke-Grundschule;Charlottenburg-Wilmersdorf;Grundschule;Erweiterung;"Erweiterung der Schule durch einen Modularen Ergänzungsbau";360;576;4-zügig;2025/2026;"rund 10 Mio. Euro";"Heckerdamm 221";13627;Berlin;04G11
543;Halensee-Grundschule;Charlottenburg-Wilmersdorf;Grundschule;Erweiterung;"Ergänzungsbau und Schließung der Baulücke für Schule und Kita";144;576;4-zügig;2025/2026;"rund 9 Mio. Euro";"Joachim-Friedrich-Str. 35-36";10711;Berlin;04G21
546;Grunewald-Grundschule;Charlottenburg-Wilmersdorf;Grundschule;Erweiterung;"Erweiterung der Schule durch einen Modularen Ergänzungsbau";360;576;4-zügig;2025/2026;"rund 10 Mio. Euro";"Delbrückstr. 20";14193;Berlin;04G22
549;Ernst-Ludwig-Heim-Grundschule;Spandau;Grundschule;Erweiterung;"Erweiterung der Schule durch einen Modularen Ergänzungsbau";288;576;4-zügig;2025/2026;"rund 10 Mio. Euro";"Grunewaldstr. 8";13597;Berlin;05G01
552;Schätzelberg-Grundschule;Tempelhof-Schöneberg;Grundschule;Erweiterung;"Erweiterung der Schule durch einen Modularen Ergänzungsbau";360;576;4-zügig;2025/2026;"rund 10 Mio. Euro";"Wolfsburger Weg 13-19";12109;Berlin;07G23
555;Hermann-Sander-Schule;Neukölln;Grundschule;Erweiterung;"Erweiterung der Schule durch einen Modularen Ergänzungsbau";216;864;6-zügig;2025/2026;"rund 10 Mio. Euro";"Mariendorfer Weg 69";12051;Berlin;08G15
558;"Schule an der Wuhlheide";Treptow-Köpenick;Grundschule;Erweiterung;"Sanierung, Umbau und Erweiterung";144;792;5,5-zügig;2025/2026;"rund 7 Mio. Euro";"Kottmeierstr. 2";12459;Berlin;09G22
561;"Schule an den Püttbergen";Treptow-Köpenick;Grundschule;Erweiterung;"Erweiterung der Schule durch einen Anbau an den Bestand";144;576;4-zügig;2025/2026;"rund 11 Mio. Euro";"Fürstenwalder Allee 182";12589;Berlin;09G26
564;"Grundschule an der Geißenweide";Marzahn-Hellersdorf;Grundschule;Erweiterung;"Erweiterung der Schule durch einen Modularen Ergänzungsbau";288;504;3,5-zügig;2025/2026;"rund 8 Mio. Euro";"Amanlisweg 40";12685;Berlin;10G12
567;"Grundschule Carola-Neher-Straße";Marzahn-Hellersdorf;Grundschule;Erweiterung;"Erweiterung der Schule durch einen Modularen Ergänzungsbau";360;288;2-zügig;2025/2026;"rund 13 Mio. Euro";"Carola-Neher-Str. 65";12619;Berlin;10Gn09
570;Matibi-Schule;Lichtenberg;Grundschule;Erweiterung;"Erweiterung der Schule durch einen Modularen Ergänzungsbau";360;792;5,5-zügig;2025/2026;"rund 10 Mio. Euro";"Straße 3 Nr. 21";13059;Berlin;11G29
573;"Schule am grünen Grund";Lichtenberg;Grundschule;Erweiterung;"Erweiterung der Schule durch einen Modularen Ergänzungsbau Geistige Entwicklung";104;200;"Schulplätze richten sich nach Förderstufen der Schüler/innen";2025/2026;"rund 7 Mio. Euro";"Herzbergstr. 79";10365;Berlin;11S05
576;Ringelnatz-Grundschule;Reinickendorf;Grundschule;Erweiterung;Erweiterung;144;432;3-zügig;2025/2026;"rund 9,5 Mio. Euro";"Wilhelm-Gericke-Str. 7-13";13437;Berlin;12G11
579;Charlie-Chaplin-Grundschule;Reinickendorf;Grundschule;Erweiterung;Erweiterung;144;576;4-zügig;2025/2026;"rund 10 Mio. Euro";"Wilhelmsruher Damm 90-94";13439;Berlin;12G32
582;Heinz-Brandt-Schule;Pankow;"Integrierte Sekundarschule";Erweiterung;"Erweiterung der Schule durch einen Modularen Ergänzungsbau";200;500;5-zügig;2025/2026;"rund 8 Mio. Euro";"Langhansstr. 120";13086;Berlin;03K05
585;Wilhelm-Bölsche-Schule;Treptow-Köpenick;"Integrierte Sekundarschule";Erweiterung;"Erweiterung der Schule durch einen Modularen Ergänzungsbau";300;500;5-zügig;2025/2026;"rund 16.5 Mio. Euro";"Aßmannstr. 11";12587;Berlin;09K05
588;Caspar-David-Friedrich-Schule;Marzahn-Hellersdorf;"Integrierte Sekundarschule";Erweiterung;"Erweiterung der Schule durch einen Modularen Ergänzungsbau";300;700;"5,5-zügig (Klasse 7-10), 2-zügig (ab Klasse 11)";2025/2026;"rund 10 Mio. Euro";"Alte Hellersdorfer Str. 7";12629;Berlin;10K07
591;Kerschensteiner-Schule;Marzahn-Hellersdorf;"Integrierte Sekundarschule";Erweiterung;"Erweiterung der Schule durch einen Modularen Ergänzungsbau";350;500;5-zügig;2025/2026;"rund 10 Mio. Euro";"Golliner Str. 2";12689;Berlin;10K03
594;Schilling-Schule;Neukölln;"Schule mit sonderpädagogischem Förderschwerpunkt";Erweiterung;"Erweiterung der Schule durch einen Modularen Ergänzungsbau Geistige Entwicklung";104;;"Schulplätze richten sich nach Förderstufen der Schüler/innen";2025/2026;"rund 7 Mio. Euro";"Paster-Behrens-Str. 81";12359;Berlin;08S08
597;"Schule am Wildgarten";Treptow-Köpenick;"Schule mit sonderpädagogischem Förderschwerpunkt";Erweiterung;"Erweiterung der Schule durch einen Modularen Ergänzungsbau";104;k.A.;"Schulplätze richten sich nach Förderstufen der Schüler/innen";2025/2026;"rund 7 Mio. Euro";"Köpenicker Landstr. 185A";12437;Berlin;09S06
600;"Grundschule unter den Bäumen";Pankow;Grundschule;Neubau;"Neubau einer Grundschule mit Sporthalle";432;720;5-zügig;2025/2026;"rund 41 Mio. Euro";"Alt-Blankenburg 26";13129;Berlin;03G21
603;"Grundschule Heinersdorfer Straße";Pankow;Grundschule;Neubau;"Neubau einer Grundschule mit Sporthalle";576;576;4-zügig;2025/2026;"rund 46,5 Mio. Euro";"Heinersdorfer Str. 22";13129;Berlin;03Gn03
606;"Grundschule Fehrbelliner Tor";Spandau;Grundschule;Neubau;"Neubau einer Grundschule mit Sporthalle";432;432;3-zügig;2025/2026;"rund 46,5 Mio. Euro";"Fehrbelliner Tor 2";13585;Berlin;05G32
609;"Grundschule Koppelweg";Neukölln;Grundschule;Neubau;"Neubau einer Grundschule mit Sporthalle";432;432;3-zügig;2025/2026;"rund 31 Mio. Euro";"Koppelweg 50-54";12347;Berlin;08Gn01
612;"Neubau Grundschule; Güterbahnhof Köpenick Nord";Treptow-Köpenick;Grundschule;Neubau;"Neubau einer Grundschule mit Sporthalle";432;432;3-zügig;2025/2026;"rund 45 Mio. Euro";"Hirtestraße 7-10";12555;Berlin;09Gn04
615;"Grundschule Elsenstraße";Marzahn-Hellersdorf;Grundschule;Neubau;"Neubau einer Grundschule mit Sporthalle";576;576;4-zügig;2025/2026;"rund 50 Mio. Euro";"Elsenstr. 7-19";12623;Berlin;10Gn01
618;"Grundschule Hauptstraße";Lichtenberg;Grundschule;Neubau;"Neubau einer Grundschule mit Sporthalle";432;432;3-zügig;2025/2026;"rund 35 Mio. Euro";"Hauptstr. 9";10317;Berlin;11Gn02
621;"Gymnasium Erich-Kästner-Straße";Marzahn-Hellersdorf;Gymnasium;Neubau;"Neubau Gymnasium";830;830;5-zügig;2025/2026;"rund 57 Mio. Euro";"Erich-Kästner-Str. 52";12619;Berlin;10Yn02
624;"Integrierte Sekundarschule Kalker Straße";Treptow-Köpenick;"Integrierte Sekundarschule";Neubau;"Neubau einer Integrierten Sekundarschule in Holzmodulbauweise mit Sporthalle";625;625;"4-zügig (Klasse 7-10), 3-zügig (ab Klasse 11)";2025/2026;"rund 35 Mio. Euro";"Kalker Str. ggü. 2-12 /Chorweilerstraße";12524;Berlin;09Kn06
627;"Integrierte Sekundarschule Am breiten Luch";Lichtenberg;"Integrierte Sekundarschule";Neubau;"Neubau einer Integrierten Sekundarschule mit Sporthalle";725;725;"5-zügig (Klasse 7-10), 3-zügig (ab Klasse 11)";2025/2026;"rund 113,5 Mio. Euro";"Falkenberger Chaussee 74";13053;Berlin;11Kn02
630;"Integrierte Sekundarschule Landsberger Straße";Marzahn-Hellersdorf;"Integrierte Sekundarschule";Neubau;"Neubau einer Integrierten Sekundarschule in Holzmodulbauweise mit Sporthalle";625;625;"4-zügig (Klasse 7-10), 4-zügig (ab Klasse 11)";2025/2026;"rund 30 Mio. Euro";"Landsberger Straße 178";12681;Berlin;10Kn07
633;"Grundschule Lindenberger Straße";Pankow;Grundschule;Reaktivierung;"Wiederinbetriebnahme des Schulstandorts";432;432;3-zügig;2025/2026;"rund 10,5 Mio. Euro";"Lindenberger Str. 12";13156;Berlin;"03Gn09 / 03G51"
636;"32. Schule";Treptow-Köpenick;Grundschule;Reaktivierung;Reaktivierung;360;360;2,5-zügig;2025/2026;"rund 28 Mio. Euro";"Stillerzeile 100";12587;Berlin;"09Gn02 / 09G32"
639;"Grundschule Lichterfelde Süd";Steglitz-Zehlendorf;Grundschule;Neubau;"Neubau einer Grundschule mit Sporthalle";432;432;3;2028/2029;"31.6  Mio. Euro";"Lichterfelde Süd";12207;Berlin;06Gn01
642;"Grundschule Rue Racine";Reinickendorf;Grundschule;Neubau;"Neubau einer Grundschule mit Sporthalle";576;576;4-zügig;2026/2027;"rund 66 Mio. Euro";"Rue Racine 7";13469;Berlin;12Gn06
645;"Grundschule Wiesen-Weiden-Weg";Spandau;Grundschule;Neubau;"Neubau einer Grundschule mit Sporthalle";432;432;3-zügig;2026/2027;"rund 48,5 Mio. Euro";Wiesenweg/Weidenweg;13591;Berlin;05Gn04
